"平成29年度公共事業の用地取得に係る業務委託の随意契約結果","","","",""
"平成29年4月1日から平成30年3月31日までの分"

"契約機関","委託業務名","委託業務の内容","委託先","委託料の額（円）","契約日","随意契約の理由"
"海草振興局建設部","公有地取得あっせん等業務委託","街路事業南港山東線・街路事業西脇山口線・県道粉河加太線・県道和歌山橋本線・和歌山南インタ―チェンジ事業・県道三田海南線・県道岩出海南線他に係る用地取得のあっせん及びこれに付随する業務","和歌山県土地開発公社","57648240.0","H29.4.1","用地取得業務について、「公有地の拡大の推進に関する法律」に基づき公有地取得あっせんが認められた和歌山県土地開発公社に委託し、用地取得を効率的に進める必要があるため。",""
"海草振興局建設部海南工事事務所","公有地取得あっせん等業務委託","国道４２号有田海南・国道４２４号・海南金屋線・日方大野中藤白線・秋月海南線・海南吉備線外３路線道路改良工事に伴う用地補償説明業務等","和歌山県土地開発公社","35890560.0","H29.4.1","用地取得業務について、「公有地の拡大の推進に関する法律」に基づき公有地取得あっせんが認められた和歌山県土地開発公社に委託し、用地取得を効率的に進める必要があるため。",""
"那賀振興局建設部","公共用地取得事務委託","広域営農団地農道整備事業（紀の里地区）に係る用地取得事務","紀の川市","3280038.0","H29.4.1","当事業において、地域に密接な関係を有する紀の川市に用地補償説明事務を委託し、用地取得を円滑に進める必要があるため。",""
"用地対策課","登記事務委託","公共事業に伴う不動産の表示登記に係る登記嘱託書の作成並びにこれらに係る登記完了までの手続（地図訂正を含む）","公益社団法人和歌山県公共嘱託登記土地家屋調査士協会","単価契約","H29.4.1","県公共嘱託登記土地家屋調査士協会は、官公庁の登記業務を受託するために法により設立を認められた団体であり、県内では他に業務を受託できる団体がないため。",""
"西牟婁振興局建設部","不動産鑑定業務","白浜久木線道路改良事業に係る不動産鑑定業務","有限会社
紀州不動産鑑定事務所","単価契約","H29.4.1","報酬額が一律で競争入札になじまず、また、左記鑑定所は当該地域全般にかかる鑑定業務をしており経験が豊富であるため。",""
"海草振興局建設部海南工事事務所","不動産鑑定業務","海南金屋線道路改良工事に係る意見書","清水不動産鑑定士事務所","単価契約","H29.4.3","報酬額が一律で競争入札になじまず、また、左記鑑定所は当該地域全般にかかる鑑定業務をしており経験が豊富であるため。",""
"那賀振興局建設部","不動産鑑定業務","泉佐野岩出線外１線道路改良工事に係る不動産鑑定業務","株式会社
阪和不動産鑑定所","単価契約","H29.4.3","報酬額が一律で競争入札になじまず、また、左記鑑定所は当該地域全般にかかる鑑定業務をしており経験が豊富であるため。",""
"那賀振興局建設部","不動産鑑定業務","泉佐野岩出線外１線道路改良工事に係る意見書","株式会社
阪和不動産鑑定所","単価契約","H29.4.3","報酬額が一律で競争入札になじまず、また、左記鑑定所は当該地域全般にかかる鑑定業務をしており経験が豊富であるため。",""
"西牟婁振興局建設部","不動産鑑定業務","上富田南部線道路改良事業に係る不動産鑑定業務","株式会社
明和不動産鑑定所","単価契約","H29.4.3","報酬額が一律で競争入札になじまず、また、左記鑑定所は当該地域全般にかかる鑑定業務をしており経験が豊富であるため。",""
"西牟婁振興局建設部","不動産鑑定業務","上富田南部線地方特定道路整備事業に係る不動産鑑定業務","株式会社
明和不動産鑑定所","単価契約","H29.4.3","報酬額が一律で競争入札になじまず、また、左記鑑定所は当該地域全般にかかる鑑定業務をしており経験が豊富であるため。",""
"西牟婁振興局建設部","不動産鑑定業務","上万呂北新町線交付金交通安全工事に係る不動産鑑定業務","有限会社
紀州不動産鑑定事務所","単価契約","H29.4.3","報酬額が一律で競争入札になじまず、また、左記鑑定所は当該地域全般にかかる鑑定業務をしており経験が豊富であるため。",""
"西牟婁振興局建設部","不動産鑑定業務","秋津川田辺線交付金交通安全事業に係る不動産鑑定業務","清水不動産鑑定士事務所","単価契約","H29.4.3","報酬額が一律で競争入札になじまず、また、左記鑑定所は当該地域全般にかかる鑑定業務をしており経験が豊富であるため。",""
"西牟婁振興局建設部","不動産鑑定業務","秋津川田辺線交付金交通安全事業に係る不動産鑑定業務","清水不動産鑑定士事務所","単価契約","H29.4.3","報酬額が一律で競争入札になじまず、また、左記鑑定所は当該地域全般にかかる鑑定業務をしており経験が豊富であるため。",""
"西牟婁振興局建設部","不動産鑑定業務","秋津川田辺線交付金交通安全事業に係る意見書","清水不動産鑑定士事務所","単価契約","H29.4.3","報酬額が一律で競争入札になじまず、また、左記鑑定所は当該地域全般にかかる鑑定業務をしており経験が豊富であるため。",""
"西牟婁振興局建設部","不動産鑑定業務","秋津川田辺線交付金交通安全事業に係る意見書","清水不動産鑑定士事務所","単価契約","H29.4.3","報酬額が一律で競争入札になじまず、また、左記鑑定所は当該地域全般にかかる鑑定業務をしており経験が豊富であるため。",""
"西牟婁振興局建設部","不動産鑑定業務","西脇山口線道路改良工事に係る不動産鑑定","有限会社
アトラス鑑定","単価契約","H29.4.3","報酬額が一律で競争入札になじまず、また、左記鑑定所は当該地域全般にかかる鑑定業務をしており経験が豊富であるため。",""
"海草振興局建設部","不動産鑑定業務","和歌山橋本線道路改良工事に係る不動産鑑定書","株式会社
明和不動産鑑定所","単価契約","H29.4.6","報酬額が一律で競争入札になじまず、また、左記鑑定所は当該地域全般にかかる鑑定業務をしており経験が豊富であるため。",""
"有田振興局建設部","不動産鑑定業務","堂の奥谷川砂防工事に係る意見書","株式会社
明和不動産鑑定所","単価契約","H29.4.6","報酬額が一律で競争入札になじまず、また、左記鑑定所は当該地域全般にかかる鑑定業務をしており経験が豊富であるため。",""
"有田振興局建設部","不動産鑑定業務","堂の奥谷川砂防工事に係る意見書","株式会社
明和不動産鑑定所","単価契約","H29.4.6","報酬額が一律で競争入札になじまず、また、左記鑑定所は当該地域全般にかかる鑑定業務をしており経験が豊富であるため。",""
"海草振興局建設部","不動産鑑定業務","新和歌浦梅原線交通安全工事に係る意見書","イーストノース株式会社","単価契約","H29.4.7","報酬額が一律で競争入札になじまず、また、左記鑑定所は当該地域全般にかかる鑑定業務をしており経験が豊富であるため。",""
"海草振興局建設部","不動産鑑定業務","新和歌浦梅原線交通安全工事に係る意見書","イーストノース株式会社","単価契約","H29.4.7","報酬額が一律で競争入札になじまず、また、左記鑑定所は当該地域全般にかかる鑑定業務をしており経験が豊富であるため。",""
"海草振興局建設部","不動産鑑定業務","西脇山口線道路改良工事に係る不動産鑑定","株式会社
阪和不動産鑑定所","単価契約","H29.4.10","報酬額が一律で競争入札になじまず、また、左記鑑定所は当該地域全般にかかる鑑定業務をしており経験が豊富であるため。",""
"海草振興局建設部","不動産鑑定業務","西脇山口線道路改良工事に係る不動産鑑定","株式会社
阪和不動産鑑定所","単価契約","H29.4.10","報酬額が一律で競争入札になじまず、また、左記鑑定所は当該地域全般にかかる鑑定業務をしており経験が豊富であるため。",""
"那賀振興局建設部","不動産鑑定業務","かつらぎ桃山線道路改良工事に係る意見書","有限会社
茶谷不動産鑑定事務所","単価契約","H29.4.10","報酬額が一律で競争入札になじまず、また、左記鑑定所は当該地域全般にかかる鑑定業務をしており経験が豊富であるため。",""
"那賀振興局建設部","不動産鑑定業務","高野口野上線道路災害防除事業に係る意見書","株式会社
阪和不動産鑑定所","単価契約","H29.4.11","報酬額が一律で競争入札になじまず、また、左記鑑定所は当該地域全般にかかる鑑定業務をしており経験が豊富であるため。",""
"伊都振興局建設部","不動産鑑定業務","橋本五條線交付金交通安全道路保全工事に係る意見書","株式会社　
阪和不動産鑑定所","単価契約","H29.4.12","報酬額が一律で競争入札になじまず、また、左記鑑定所は当該地域全般にかかる鑑定業務をしており経験が豊富であるため。",""
"伊都振興局建設部","不動産鑑定業務","橋本五條線交付金交通安全道路保全工事に係る意見書","株式会社　
阪和不動産鑑定所","単価契約","H29.4.12","報酬額が一律で競争入札になじまず、また、左記鑑定所は当該地域全般にかかる鑑定業務をしており経験が豊富であるため。",""
"伊都振興局建設部","不動産鑑定業務","藤谷川堤防改修工事に係る意見書","株式会社　
井崎不動産鑑定事務所","単価契約","H29.4.17","報酬額が一律で競争入札になじまず、また、左記鑑定所は当該地域全般にかかる鑑定業務をしており経験が豊富であるため。",""
"伊都振興局建設部","不動産鑑定業務","藤谷川堤防改修工事に係る意見書","株式会社　
井崎不動産鑑定事務所","単価契約","H29.4.17","報酬額が一律で競争入札になじまず、また、左記鑑定所は当該地域全般にかかる鑑定業務をしており経験が豊富であるため。",""
"伊都振興局建設部","不動産鑑定業務","藤谷川堤防改修工事に係る意見書","株式会社　
井崎不動産鑑定事務所","単価契約","H29.4.17","報酬額が一律で競争入札になじまず、また、左記鑑定所は当該地域全般にかかる鑑定業務をしており経験が豊富であるため。",""
"伊都振興局建設部","不動産鑑定業務","藤谷川堤防改修工事に係る意見書","株式会社　
井崎不動産鑑定事務所","単価契約","H29.4.17","報酬額が一律で競争入札になじまず、また、左記鑑定所は当該地域全般にかかる鑑定業務をしており経験が豊富であるため。",""
"有田振興局建設部","不動産鑑定業務","国道４２４号道路改良工事に係る意見書","有限会社
わかさ不動産鑑定","単価契約","H29.4.25","報酬額が一律で競争入札になじまず、また、左記鑑定所は当該地域全般にかかる鑑定業務をしており経験が豊富であるため。",""
"有田振興局建設部","不動産鑑定業務","国道４２４号道路改良工事に係る意見書","有限会社
わかさ不動産鑑定","単価契約","H29.4.25","報酬額が一律で競争入札になじまず、また、左記鑑定所は当該地域全般にかかる鑑定業務をしており経験が豊富であるため。",""
"那賀振興局建設部","不動産鑑定業務","新田広芝岩出停車場線交付金交通安全工事に係る意見書","株式会社
森本不動産鑑定所","単価契約","H29.4.26","報酬額が一律で競争入札になじまず、また、左記鑑定所は当該地域全般にかかる鑑定業務をしており経験が豊富であるため。",""
"那賀振興局建設部","不動産鑑定業務","新田広芝岩出停車場線交付金交通安全工事に係る意見書","株式会社
森本不動産鑑定所","単価契約","H29.4.26","報酬額が一律で競争入札になじまず、また、左記鑑定所は当該地域全般にかかる鑑定業務をしており経験が豊富であるため。",""
"有田振興局建設部","不動産鑑定業務","国道４８０号道路改良工事に係る不動産鑑定業務","株式会社
明和不動産鑑定書","単価契約","H29.4.26","報酬額が一律で競争入札になじまず、また、左記鑑定所は当該地域全般にかかる鑑定業務をしており経験が豊富であるため。",""
"有田振興局建設部","不動産鑑定業務","国道４８０号道路改良工事に係る不動産鑑定業務","株式会社
明和不動産鑑定所","単価契約","H29.4.26","報酬額が一律で競争入札になじまず、また、左記鑑定所は当該地域全般にかかる鑑定業務をしており経験が豊富であるため。",""
"有田振興局建設部","不動産鑑定業務","国道４８０号道路改良工事に係る意見書","株式会社
明和不動産鑑定所","単価契約","H29.4.26","報酬額が一律で競争入札になじまず、また、左記鑑定所は当該地域全般にかかる鑑定業務をしており経験が豊富であるため。",""
"日高振興局建設部","不動産鑑定業務","露谷川砂防事業に係る意見書","株式会社
明和不動産鑑定所","単価契約","H29.4.26","報酬額が一律で競争入札になじまず、また、左記鑑定所は当該地域全般にかかる鑑定業務をしており経験が豊富であるため。",""
"日高振興局建設部","不動産鑑定業務","露谷川砂防事業に係る意見書","株式会社
明和不動産鑑定所","単価契約","H29.4.26","報酬額が一律で競争入札になじまず、また、左記鑑定所は当該地域全般にかかる鑑定業務をしており経験が豊富であるため。",""
"西牟婁振興局建設部","不動産鑑定業務","芳養清川線道路改良工事に係る不動産鑑定業務","藍畑不動産鑑定事務所","単価契約","H29.4.26","報酬額が一律で競争入札になじまず、また、左記鑑定所は当該地域全般にかかる鑑定業務をしており経験が豊富であるため。",""
"西牟婁振興局建設部","不動産鑑定業務","芳養清川線道路改良工事に係る不動産鑑定業務","藍畑不動産鑑定事務所","単価契約","H29.4.26","報酬額が一律で競争入札になじまず、また、左記鑑定所は当該地域全般にかかる鑑定業務をしており経験が豊富であるため。",""
"伊都振興局建設部","不動産鑑定業務","和歌山橋本線交付金交通安全工事にかかる意見書","小川不動産鑑定事務所","単価契約","H29.4.27","報酬額が一律で競争入札になじまず、また、左記鑑定所は当該地域全般にかかる鑑定業務をしており経験が豊富であるため。",""
"有田振興局建設部","不動産鑑定業務","御坊湯浅線交付金交通安全（まちなみの駅）工事に係る不動産鑑定業務","有限会社
衣奈不動産鑑定所","単価契約","H29.4.27","報酬額が一律で競争入札になじまず、また、左記鑑定所は当該地域全般にかかる鑑定業務をしており経験が豊富であるため。",""
"那賀振興局建設部","不動産鑑定業務","粉河寺線道路改良工事に係る意見書","株式会社
明和不動産鑑定所","単価契約","H29.5.1","報酬額が一律で競争入札になじまず、また、左記鑑定所は当該地域全般にかかる鑑定業務をしており経験が豊富であるため。",""
"那賀振興局建設部","不動産鑑定業務","粉河寺線道路改良工事に係る意見書","株式会社
明和不動産鑑定所","単価契約","H29.5.1","報酬額が一律で競争入札になじまず、また、左記鑑定所は当該地域全般にかかる鑑定業務をしており経験が豊富であるため。",""
"有田振興局建設部","不動産鑑定業務","井関御坊線道路改良工事に係る意見書","有限会社
衣奈不動産鑑定所","単価契約","H29.5.1","報酬額が一律で競争入札になじまず、また、左記鑑定所は当該地域全般にかかる鑑定業務をしており経験が豊富であるため。",""
"那賀振興局建設部","不動産鑑定業務","根来川河川整備工事に係る意見書","南海鑑定センター
株式会社","単価契約","H29.5.8","報酬額が一律で競争入札になじまず、また、左記鑑定所は当該地域全般にかかる鑑定業務をしており経験が豊富であるため。",""
"那賀振興局建設部","不動産鑑定業務","根来川河川整備工事に係る意見書","南海鑑定センター
株式会社","単価契約","H29.5.8","報酬額が一律で競争入札になじまず、また、左記鑑定所は当該地域全般にかかる鑑定業務をしており経験が豊富であるため。",""
"那賀振興局建設部","不動産鑑定業務","根来川河川整備工事に係る意見書","南海鑑定センター
株式会社","単価契約","H29.5.8","報酬額が一律で競争入札になじまず、また、左記鑑定所は当該地域全般にかかる鑑定業務をしており経験が豊富であるため。",""
"那賀振興局建設部","不動産鑑定業務","根来川河川整備工事に係る意見書","南海鑑定センター
株式会社","単価契約","H29.5.8","報酬額が一律で競争入札になじまず、また、左記鑑定所は当該地域全般にかかる鑑定業務をしており経験が豊富であるため。",""
"伊都振興局建設部","不動産鑑定業務","山内恋野線道路改良工事に係る意見書","株式会社　
阪和不動産鑑定所","単価契約","H29.5.8","報酬額が一律で競争入札になじまず、また、左記鑑定所は当該地域全般にかかる鑑定業務をしており経験が豊富であるため。",""
"伊都振興局建設部","不動産鑑定業務","山内恋野線道路改良工事に係る意見書","株式会社　
阪和不動産鑑定所","単価契約","H29.5.8","報酬額が一律で競争入札になじまず、また、左記鑑定所は当該地域全般にかかる鑑定業務をしており経験が豊富であるため。",""
"伊都振興局建設部","不動産鑑定業務","山内恋野線道路改良工事に係る意見書","株式会社　
阪和不動産鑑定所","単価契約","H29.5.8","報酬額が一律で競争入札になじまず、また、左記鑑定所は当該地域全般にかかる鑑定業務をしており経験が豊富であるため。",""
"伊都振興局建設部","不動産鑑定業務","国道３７０号道路改良工事に係る意見書","株式会社　
阪和不動産鑑定所","単価契約","H29.5.8","報酬額が一律で競争入札になじまず、また、左記鑑定所は当該地域全般にかかる鑑定業務をしており経験が豊富であるため。",""
"西牟婁振興局建設部","不動産鑑定業務","日置川大塔線道路改良事業に係る不動産鑑定業務","有限会社
アトラス鑑定","単価契約","H29.5.9","報酬額が一律で競争入札になじまず、また、左記鑑定所は当該地域全般にかかる鑑定業務をしており経験が豊富であるため。",""
"西牟婁振興局建設部","不動産鑑定業務","日置川大塔線道路改良事業に係る不動産鑑定業務","有限会社
アトラス鑑定","単価契約","H29.5.9","報酬額が一律で競争入札になじまず、また、左記鑑定所は当該地域全般にかかる鑑定業務をしており経験が豊富であるため。",""
"西牟婁振興局建設部","不動産鑑定業務","白浜温泉線道路改良工事に係る不動産鑑定業務","有限会社
アトラス鑑定","単価契約","H29.5.10","報酬額が一律で競争入札になじまず、また、左記鑑定所は当該地域全般にかかる鑑定業務をしており経験が豊富であるため。",""
"那賀振興局建設部","不動産鑑定業務","岩出野上線道路改良工事に係る意見書","株式会社ＡＡＡ鑑定","単価契約","H29.5.11","報酬額が一律で競争入札になじまず、また、左記鑑定所は当該地域全般にかかる鑑定業務をしており経験が豊富であるため。",""
"西牟婁振興局建設部","不動産鑑定業務","白浜温泉線道路改良工事に係る不動産鑑定業務","有限会社
紀州不動産鑑定事務所","単価契約","H29.5.11","報酬額が一律で競争入札になじまず、また、左記鑑定所は当該地域全般にかかる鑑定業務をしており経験が豊富であるため。",""
"那賀振興局建設部","不動産鑑定業務","上鞆渕那賀線半島振興道路整備工事に係る意見書","株式会社
井崎不動産鑑定事務所","単価契約","H29.5.12","報酬額が一律で競争入札になじまず、また、左記鑑定所は当該地域全般にかかる鑑定業務をしており経験が豊富であるため。",""
"那賀振興局建設部","不動産鑑定業務","上鞆渕那賀線半島振興道路整備工事に係る意見書","株式会社
井崎不動産鑑定事務所","単価契約","H29.5.12","報酬額が一律で競争入札になじまず、また、左記鑑定所は当該地域全般にかかる鑑定業務をしており経験が豊富であるため。",""
"西牟婁振興局建設部","不動産鑑定業務","橘谷川砂防事業に係る不動産鑑定業務","株式会社
井崎不動産鑑定事務所","単価契約","H29.5.12","報酬額が一律で競争入札になじまず、また、左記鑑定所は当該地域全般にかかる鑑定業務をしており経験が豊富であるため。",""
"海草振興局建設部","不動産鑑定業務","南港山東線道路改良工事に係る不動産鑑定評価","株式会社
明和不動産鑑定所","単価契約","H29.5.15","報酬額が一律で競争入札になじまず、また、左記鑑定所は当該地域全般にかかる鑑定業務をしており経験が豊富であるため。",""
"海草振興局建設部","不動産鑑定業務","南港山東線道路改良工事に係る不動産鑑定評価","株式会社
明和不動産鑑定所","単価契約","H29.5.15","報酬額が一律で競争入札になじまず、また、左記鑑定所は当該地域全般にかかる鑑定業務をしており経験が豊富であるため。",""
"海草振興局建設部","不動産鑑定業務","南港山東線道路改良工事に係る不動産鑑定評価","株式会社
明和不動産鑑定所","単価契約","H29.5.15","報酬額が一律で競争入札になじまず、また、左記鑑定所は当該地域全般にかかる鑑定業務をしており経験が豊富であるため。",""
"日高振興局建設部","不動産鑑定業務","南部川河川整備事業に係る意見書","藍畑不動産鑑定事務所","単価契約","H29.5.15","報酬額が一律で競争入札になじまず、また、左記鑑定所は当該地域全般にかかる鑑定業務をしており経験が豊富であるため。",""
"日高振興局建設部","不動産鑑定業務","南部川河川整備事業に係る意見書","藍畑不動産鑑定事務所","単価契約","H29.5.15","報酬額が一律で競争入札になじまず、また、左記鑑定所は当該地域全般にかかる鑑定業務をしており経験が豊富であるため。",""
"那賀振興局建設部","不動産鑑定業務","粉河寺線道路改良工事に係る意見書","株式会社
明和不動産鑑定所","単価契約","H29.5.16","報酬額が一律で競争入札になじまず、また、左記鑑定所は当該地域全般にかかる鑑定業務をしており経験が豊富であるため。",""
"有田振興局建設部","不動産鑑定業務","井の口谷川砂防工事に係る意見書","小川不動産鑑定事務所","単価契約","H29.5.16","報償額が一律で競争入札になじまず、また、左記鑑定所は当該地域全般にかかる鑑定業務をしており、経験が豊富であるため。",""
"那賀振興局建設部","不動産鑑定業務","和歌山橋本線交付金交通安全工事に係る意見書","株式会社
阪和不動産鑑定所","単価契約","H29.5.17","報酬額が一律で競争入札になじまず、また、左記鑑定所は当該地域全般にかかる鑑定業務をしており経験が豊富であるため。",""
"日高振興局建設部","不動産鑑定業務","石の谷川砂防事業に係る意見書","株式会社
明和不動産鑑定所","単価契約","H29.5.17","報酬額が一律で競争入札になじまず、また、左記鑑定所は当該地域全般にかかる鑑定業務をしており経験が豊富であるため。",""
"日高振興局建設部","不動産鑑定業務","妙見谷川砂防事業に係る意見書","有限会社
アトラス鑑定","単価契約","H29.5.23","報酬額が一律で競争入札になじまず、また、左記鑑定所は当該地域全般にかかる鑑定業務をしており経験が豊富であるため。",""
"那賀振興局建設部","不動産鑑定業務","和歌山橋本線交付金交通安全工事に係る意見書","株式会社
明和不動産鑑定所","単価契約","H29.5.24","報酬額が一律で競争入札になじまず、また、左記鑑定所は当該地域全般にかかる鑑定業務をしており経験が豊富であるため。",""
"那賀振興局建設部","不動産鑑定業務","和歌山橋本線交付金交通安全工事に係る意見書","株式会社
明和不動産鑑定所","単価契約","H29.5.24","報酬額が一律で競争入札になじまず、また、左記鑑定所は当該地域全般にかかる鑑定業務をしており経験が豊富であるため。",""
"伊都振興局建設部","不動産鑑定業務","国道４８０号交通安全施設等整備工事に係る意見書","株式会社　
明和不動産鑑定所","単価契約","H29.5.30","報酬額が一律で競争入札になじまず、また、左記鑑定所は当該地域全般にかかる鑑定業務をしており経験が豊富であるため。",""
"日高振興局建設部","不動産鑑定業務","庵の谷川砂防事業に係る意見書","株式会社
明和不動産鑑定所","単価契約","H29.5.30","報酬額が一律で競争入札になじまず、また、左記鑑定所は当該地域全般にかかる鑑定業務をしており経験が豊富であるため。",""
"西牟婁振興局建設部","不動産鑑定業務","上富田南部線道路改良事業に係る意見書","有限会社
紀州不動産鑑定事務所","単価契約","H29.5.31","報酬額が一律で競争入札になじまず、また、左記鑑定所は当該地域全般にかかる鑑定業務をしており経験が豊富であるため。",""
"那賀振興局建設部","不動産鑑定業務","根来川河川整備工事に係る意見書","南海鑑定センター
株式会社","単価契約","H29.6.1","報酬額が一律で競争入札になじまず、また、左記鑑定所は当該地域全般にかかる鑑定業務をしており経験が豊富であるため。",""
"西牟婁振興局建設部","不動産鑑定業務","田辺白浜線小規模道路改良工事に係る意見書","小林一三不動産鑑定事務所","単価契約","H29.6.6","報酬額が一律で競争入札になじまず、また、左記鑑定所は当該地域全般にかかる鑑定業務をしており経験が豊富であるため。",""
"日高振興局建設部","不動産鑑定業務","江川災害復旧助成事業に係る意見書","有限会社
衣奈不動産鑑定所","単価契約","H29.6.7","報酬額が一律で競争入札になじまず、また、左記鑑定所は当該地域全般にかかる鑑定業務をしており経験が豊富であるため。",""
"那賀振興局建設部","不動産鑑定業務","和歌山打田線交付金交通安全工事に係る意見書","清水不動産鑑定士
事務所","単価契約","H29.6.8","報酬額が一律で競争入札になじまず、また、左記鑑定所は当該地域全般にかかる鑑定業務をしており経験が豊富であるため。",""
"那賀振興局建設部","不動産鑑定業務","和歌山打田線交付金交通安全工事に係る意見書","清水不動産鑑定士
事務所","単価契約","H29.6.8","報酬額が一律で競争入札になじまず、また、左記鑑定所は当該地域全般にかかる鑑定業務をしており経験が豊富であるため。",""
"那賀振興局建設部","不動産鑑定業務","泉佐野打田線他１線道路改良工事に係る意見書","有限会社
アトラス鑑定","43200.0","H29.6.9","報酬額が一律で競争入札になじまず、また、左記鑑定所は当該地域全般にかかる鑑定業務をしており経験が豊富であるため。",""
"有田振興局建設部","不動産鑑定業務","山田川（北谷川）堤防改修工事に係る不動産鑑定業務","有限会社
衣奈不動産鑑定所","単価契約","H29.6.14","報償額が一律で競争入札になじまず、また、左記鑑定所は当該地域全般にかかる鑑定業務をしており、経験が豊富であるため。",""
"東牟婁振興局串本建設部","不動産鑑定業務","国道３７１号道路改良工事に係る不動産鑑定業務","小林一三不動産鑑定事務所","単価契約","H29.6.14","報酬額が一律で競争入札になじまず、また、左記鑑定所は当該地域全般にかかる鑑定業務をしており経験が豊富であるため。",""
"伊都振興局建設部","不動産鑑定業務","国道３７１号道路改良工事に係る不動産鑑定業務","イーストノース
株式会社　","単価契約","H29.6.16","報酬額が一律で競争入札になじまず、また、左記鑑定所は当該地域全般にかかる鑑定業務をしており経験が豊富であるため。",""
"伊都振興局建設部","不動産鑑定業務","国道３７１号道路改良工事に係る不動産鑑定業務","イーストノース
株式会社　","単価契約","H29.6.16","報酬額が一律で競争入札になじまず、また、左記鑑定所は当該地域全般にかかる鑑定業務をしており経験が豊富であるため。",""
"西牟婁振興局建設部","不動産鑑定業務","上富田南部線道路改良事業に係る意見書","有限会社
紀州不動産鑑定事務所","単価契約","H29.6.16","報酬額が一律で競争入札になじまず、また、左記鑑定所は当該地域全般にかかる鑑定業務をしており経験が豊富であるため。",""
"東牟婁振興局串本建設部","不動産鑑定業務","城すさみ線道路改良工事に係る不動産鑑定業務","小川不動産鑑定事務所","単価契約","H29.6.16","報酬額が一律で競争入札になじまず、また、左記鑑定所は当該地域全般にかかる鑑定業務をしており経験が豊富であるため。",""
"海草振興局建設部","不動産鑑定業務","粉河加太線道路改良工事に係る不動産鑑定業務","株式会社
井崎不動産鑑定事務所","単価契約","H29.6.19","報酬額が一律で競争入札になじまず、また、左記鑑定所は当該地域全般にかかる鑑定業務をしており経験が豊富であるため。",""
"東牟婁振興局串本建設部","不動産鑑定業務","国道３７１号道路改良工事にかかる不動産鑑定業務","有限会社
紀州不動産鑑定事務所","単価契約","H29.6.19","報酬額が一律で競争入札になじまず、また、左記鑑定所は当該地域全般にかかる鑑定業務をしており経験が豊富であるため。",""
"東牟婁振興局串本建設部","不動産鑑定業務","国道３７１号道路改良工事にかかる不動産鑑定業務","有限会社
紀州不動産鑑定事務所","単価契約","H29.6.19","報酬額が一律で競争入札になじまず、また、左記鑑定所は当該地域全般にかかる鑑定業務をしており経験が豊富であるため。",""
"日高振興局建設部","不動産鑑定業務","御坊由良線交付金交通安全事業に係る意見書","清水不動産鑑定士事務所","単価契約","H29.6.21","報酬額が一律で競争入札になじまず、また、左記鑑定所は当該地域全般にかかる鑑定業務をしており経験が豊富であるため。",""
"海草振興局建設部海南工事事務所","不動産鑑定業務","秋月海南線道路改良工事に係る不動産鑑定","株式会社
明和不動産鑑定所","単価契約","H29.6.22","報酬額が一律で競争入札になじまず、また、左記鑑定所は当該地域全般にかかる鑑定業務をしており経験が豊富であるため。",""
"日高振興局建設部","不動産鑑定業務","黒山谷川砂防事業に係る意見書","小川不動産鑑定事務所","単価契約","H29.6.23","報酬額が一律で競争入札になじまず、また、左記鑑定所は当該地域全般にかかる鑑定業務をしており経験が豊富であるため。",""
"海草振興局建設部","不動産鑑定業務","南港山東線道路改良工事に係る意見書","株式会社
明和不動産鑑定所","単価契約","H29.6.26","報酬額が一律で競争入札になじまず、また、左記鑑定所は当該地域全般にかかる鑑定業務をしており経験が豊富であるため。",""
"東牟婁振興局新宮建設部","不動産鑑定業務","那智勝浦本宮線小規模道路改良工事に伴う不動産鑑定業務","株式会社
明和不動産鑑定所","単価契約","H29.6.26","報酬額が一律で競争入札になじまず、また、左記鑑定所は当該地域全般にかかる鑑定業務をしており経験が豊富であるため。",""
"東牟婁振興局新宮建設部","不動産鑑定業務","那智勝浦本宮線小規模道路改良工事に伴う不動産鑑定業務","株式会社
明和不動産鑑定所","単価契約","H29.6.26","報酬額が一律で競争入札になじまず、また、左記鑑定所は当該地域全般にかかる鑑定業務をしており経験が豊富であるため。",""
"海草振興局建設部海南工事事務所","不動産鑑定業務","国道４２４号道路改良工事に係る不動産鑑定業務","株式会社
明和不動産鑑定所","単価契約","H29.6.28","報酬額が一律で競争入札になじまず、また、左記鑑定所は当該地域全般にかかる鑑定業務をしており経験が豊富であるため。",""
"海草振興局建設部海南工事事務所","不動産鑑定業務","国道４２４号道路改良工事に係る不動産鑑定業務","株式会社
明和不動産鑑定所","単価契約","H29.6.28","報酬額が一律で競争入札になじまず、また、左記鑑定所は当該地域全般にかかる鑑定業務をしており経験が豊富であるため。",""
"海草振興局建設部海南工事事務所","不動産鑑定業務","国道４２４号道路改良工事に係る不動産鑑定","株式会社
明和不動産鑑定所","単価契約","H29.6.28","報酬額が一律で競争入札になじまず、また、左記鑑定所は当該地域全般にかかる鑑定業務をしており経験が豊富であるため。",""
"海草振興局建設部","不動産鑑定業務","西脇山口線道路改良工事に係る不動産鑑定","株式会社
井崎不動産鑑定事務所","単価契約","H29.6.29","報酬額が一律で競争入札になじまず、また、左記鑑定所は当該地域全般にかかる鑑定業務をしており経験が豊富であるため。",""
"海草振興局建設部","不動産鑑定業務","杭ノ瀬川堤防改修工事に係る不動産鑑定","株式会社
井崎不動産鑑定事務所","単価契約","H29.6.29","報酬額が一律で競争入札になじまず、また、左記鑑定所は当該地域全般にかかる鑑定業務をしており経験が豊富であるため。",""
"海草振興局建設部海南工事事務所","不動産鑑定業務","海南金屋線道路改良工事に係る不動産鑑定業務","小川不動産鑑定事務所","単価契約","H29.6.29","報酬額が一律で競争入札になじまず、また、左記鑑定所は当該地域全般にかかる鑑定業務をしており経験が豊富であるため。",""
"海草振興局建設部","不動産鑑定業務","和歌山橋本線道路改良工事に係る意見書","清水不動産鑑定士事務所","単価契約","H29.6.30","報酬額が一律で競争入札になじまず、また、左記鑑定所は当該地域全般にかかる鑑定業務をしており経験が豊富であるため。",""
"海草振興局建設部海南工事事務所","不動産鑑定業務","岩出野上線交付金交通安全工事に係る不動産鑑定業務","株式会社
阪和不動産鑑定所","単価契約","H29.7.6","報酬額が一律で競争入札になじまず、また、左記鑑定所は当該地域全般にかかる鑑定業務をしており経験が豊富であるため。",""
"海草振興局建設部海南工事事務所","不動産鑑定業務","岩出野上線交付金交通安全工事に係る不動産鑑定業務","株式会社
阪和不動産鑑定所","単価契約","H29.7.6","報酬額が一律で競争入札になじまず、また、左記鑑定所は当該地域全般にかかる鑑定業務をしており経験が豊富であるため。",""
"海草振興局建設部海南工事事務所","不動産鑑定業務","岩出野上線交付金交通安全工事に係る不動産鑑定業務","株式会社
阪和不動産鑑定所","単価契約","H29.7.6","報酬額が一律で競争入札になじまず、また、左記鑑定所は当該地域全般にかかる鑑定業務をしており経験が豊富であるため。",""
"伊都振興局建設部","不動産鑑定業務","国道３７１号道路改良工事に係る不動産鑑定業務","株式会社　
明和不動産鑑定所","単価契約","H29.7.6","報酬額が一律で競争入札になじまず、また、左記鑑定所は当該地域全般にかかる鑑定業務をしており経験が豊富であるため。",""
"伊都振興局建設部","不動産鑑定業務","国道３７１号道路改良工事に係る不動産鑑定業務","株式会社　
明和不動産鑑定所","単価契約","H29.7.6","報酬額が一律で競争入札になじまず、また、左記鑑定所は当該地域全般にかかる鑑定業務をしており経験が豊富であるため。",""
"西牟婁振興局建設部","不動産鑑定業務","芳養清川線道路改良工事に係る不動産鑑定業務","藍畑不動産鑑定事務所","単価契約","H29.7.6","報酬額が一律で競争入札になじまず、また、左記鑑定所は当該地域全般にかかる鑑定業務をしており経験が豊富であるため。",""
"日高振興局建設部","不動産鑑定業務","谷奥谷川砂防事業に係る不動産鑑定業務","株式会社
阪和不動産鑑定所","単価契約","H29.7.7","報酬額が一律で競争入札になじまず、また、左記鑑定所は当該地域全般にかかる鑑定業務をしており経験が豊富であるため。",""
"東牟婁振興局串本建設部","不動産鑑定業務","すさみ古座線道路改良工事に係る不動産鑑定業務","有限会社
アトラス鑑定","単価契約","H29.7.10","報酬額が一律で競争入札になじまず、また、左記鑑定所は当該地域全般にかかる鑑定業務をしており経験が豊富であるため。",""
"那賀振興局建設部","不動産鑑定業務","中三谷下井阪線交通安全施設等整備工事に係る意見書","株式会社
明和不動産鑑定所","単価契約","H29.7.13","報酬額が一律で競争入札になじまず、また、左記鑑定所は当該地域全般にかかる鑑定業務をしており経験が豊富であるため。",""
"有田振興局建設部","不動産鑑定業務","国道４２４号道路改良工事に係る意見書","有限会社
わかさ不動産鑑定","単価契約","H29.7.19","報償額が一律で競争入札になじまず、また、左記鑑定所は当該地域全般にかかる鑑定業務をしており、経験が豊富であるため。",""
"海草振興局建設部海南工事事務所","不動産鑑定業務","国道３７０号道路改良工事（美里２バイパス）に係る不動産鑑定","有限会社
アトラス鑑定","単価契約","H29.7.20","報酬額が一律で競争入札になじまず、また、左記鑑定所は当該地域全般にかかる鑑定業務をしており経験が豊富であるため。",""
"海草振興局建設部海南工事事務所","不動産鑑定業務","国道３７０号道路改良工事（美里２バイパス）に係る不動産鑑定","有限会社
アトラス鑑定","単価契約","H29.7.20","報酬額が一律で競争入札になじまず、また、左記鑑定所は当該地域全般にかかる鑑定業務をしており経験が豊富であるため。",""
"有田振興局建設部","不動産鑑定業務","楠本小川線道路改良工事に係る不動産鑑定業務","有限会社
衣奈不動産鑑定所","単価契約","H29.7.21","報償額が一律で競争入札になじまず、また、左記鑑定所は当該地域全般にかかる鑑定業務をしており、経験が豊富であるため。",""
"海草振興局建設部海南工事事務所","不動産鑑定業務","引尾下津線小規模道路改良工事に係る意見書","株式会社
阪和不動産鑑定所","単価契約","H29.7.27","報酬額が一律で競争入札になじまず、また、左記鑑定所は当該地域全般にかかる鑑定業務をしており経験が豊富であるため。",""
"海草振興局建設部海南工事事務所","不動産鑑定業務","引尾下津線小規模道路改良工事に係る意見書","株式会社
阪和不動産鑑定所","単価契約","H29.7.27","報酬額が一律で競争入札になじまず、また、左記鑑定所は当該地域全般にかかる鑑定業務をしており経験が豊富であるため。",""
"有田振興局建設部","不動産鑑定業務","畑地区砂防工事に係る不動産鑑定業務","有限会社
衣奈不動産鑑定所","単価契約","H29.7.28","報償額が一律で競争入札になじまず、また、左記鑑定所は当該地域全般にかかる鑑定業務をしており、経験が豊富であるため。",""
"東牟婁振興局新宮建設部","不動産鑑定業務","太田川河川整備工事に係る不動産鑑定業務","有限会社
アトラス鑑定","単価契約","H29.7.31","報酬額が一律で競争入札になじまず、また、左記鑑定所は当該地域全般にかかる鑑定業務をしており経験が豊富であるため。",""
"東牟婁振興局新宮建設部","不動産鑑定業務","清の川砂防工事に係る不動産鑑定業務","小川不動産鑑定事務所","単価契約","H29.7.31","報酬額が一律で競争入札になじまず、また、左記鑑定所は当該地域全般にかかる鑑定業務をしており経験が豊富であるため。",""
"東牟婁振興局新宮建設部","不動産鑑定業務","清の川砂防工事に係る不動産鑑定業務","小川不動産鑑定事務所","単価契約","H29.7.31","報酬額が一律で競争入札になじまず、また、左記鑑定所は当該地域全般にかかる鑑定業務をしており経験が豊富であるため。",""
"海草振興局建設部海南工事事務所","不動産鑑定業務","引尾下津線小規模道路改良工事に係る不動産鑑定","小林一三不動産鑑定事務所","単価契約","H29.8.1","報酬額が一律で競争入札になじまず、また、左記鑑定所は当該地域全般にかかる鑑定業務をしており経験が豊富であるため。",""
"日高振興局建設部","不動産鑑定業務","畑峰峠谷川砂防事業に係る意見書","藍畑不動産鑑定事務所","単価契約","H29.8.2","報酬額が一律で競争入札になじまず、また、左記鑑定所は当該地域全般にかかる鑑定業務をしており経験が豊富であるため。",""
"海草振興局建設部","不動産鑑定業務","和歌山橋本線道路改良工事に係る意見書","株式会社
明和不動産鑑定所","単価契約","H29.8.10","報酬額が一律で競争入札になじまず、また、左記鑑定所は当該地域全般にかかる鑑定業務をしており経験が豊富であるため。",""
"海草振興局建設部","不動産鑑定業務","和歌山橋本線道路改良工事に係る意見書","株式会社
明和不動産鑑定所","単価契約","H29.8.10","報酬額が一律で競争入札になじまず、また、左記鑑定所は当該地域全般にかかる鑑定業務をしており経験が豊富であるため。",""
"海草振興局建設部海南工事事務所","不動産鑑定業務","奥佐々阪井線地方特定道路整備工事に係る意見書","株式会社
井崎不動産鑑定事務所","単価契約","H29.8.10","報酬額が一律で競争入札になじまず、また、左記鑑定所は当該地域全般にかかる鑑定業務をしており経験が豊富であるため。",""
"海草振興局建設部海南工事事務所","不動産鑑定業務","奥佐々阪井線地方特定道路整備工事に係る意見書","株式会社
井崎不動産鑑定事務所","単価契約","H29.8.10","報酬額が一律で競争入札になじまず、また、左記鑑定所は当該地域全般にかかる鑑定業務をしており経験が豊富であるため。",""
"東牟婁振興局新宮建設部","不動産鑑定業務","太地新宮自転車道線サイクリングロード整備工事に係る不動産鑑定業務","清水不動産鑑定士事務所","単価契約","H29.8.10","報酬額が一律で競争入札になじまず、また、左記鑑定所は当該地域全般にかかる鑑定業務をしており経験が豊富であるため。",""
"東牟婁振興局新宮建設部","不動産鑑定業務","梶取崎線小規模道路改良工事に伴う不動産鑑定業務","有限会社
紀州不動産鑑定事務所","単価契約","H29.8.17","報酬額が一律で競争入札になじまず、また、左記鑑定所は当該地域全般にかかる鑑定業務をしており経験が豊富であるため。",""
"海草振興局建設部","不動産鑑定業務","三田海南線道路改良に係る不動産鑑定","清水不動産鑑定士事務所","単価契約","H29.8.18","報酬額が一律で競争入札になじまず、また、左記鑑定所は当該地域全般にかかる鑑定業務をしており経験が豊富であるため。",""
"海草振興局建設部","不動産鑑定業務","三田海南線道路改良に係る意見書","清水不動産鑑定士事務所","単価契約","H29.8.18","報酬額が一律で競争入札になじまず、また、左記鑑定所は当該地域全般にかかる鑑定業務をしており経験が豊富であるため。",""
"日高振興局建設部","不動産鑑定業務","畑峰峠谷川砂防事業に係る不動産鑑定業務","藍畑不動産鑑定事務所","単価契約","H29.8.22","報酬額が一律で競争入札になじまず、また、左記鑑定所は当該地域全般にかかる鑑定業務をしており経験が豊富であるため。",""
"日高振興局建設部","不動産鑑定業務","古井西の地線交付金交通安全事業に係る意見書","株式会社
井崎不動産鑑定事務所","単価契約","H29.8.22","報酬額が一律で競争入札になじまず、また、左記鑑定所は当該地域全般にかかる鑑定業務をしており経験が豊富であるため。",""
"日高振興局建設部","不動産鑑定業務","田辺印南線道路改良事業に係る不動産鑑定業務","藍畑不動産鑑定事務所","単価契約","H29.8.22","報酬額が一律で競争入札になじまず、また、左記鑑定所は当該地域全般にかかる鑑定業務をしており経験が豊富であるため。",""
"西牟婁振興局建設部","不動産鑑定業務","白浜久木線道路改良事業に係る意見書","有限会社
紀州不動産鑑定事務所","単価契約","H29.8.22","報酬額が一律で競争入札になじまず、また、左記鑑定所は当該地域全般にかかる鑑定業務をしており経験が豊富であるため。",""
"西牟婁振興局建設部","不動産鑑定業務","白浜久木線道路改良事業に係る意見書","小林一三不動産鑑定事務所","単価契約","H29.8.22","報酬額が一律で競争入札になじまず、また、左記鑑定所は当該地域全般にかかる鑑定業務をしており経験が豊富であるため。",""
"伊都振興局建設部","不動産鑑定業務","和歌山橋本線交付金交通安全工事に係る意見書","小川不動産鑑定事務所","単価契約","H29.8.23","報酬額が一律で競争入札になじまず、また、左記鑑定所は当該地域全般にかかる鑑定業務をしており経験が豊富であるため。",""
"伊都振興局建設部","不動産鑑定業務","和歌山橋本線交付金交通安全工事に係る意見書","小川不動産鑑定事務所","単価契約","H29.8.23","報酬額が一律で競争入札になじまず、また、左記鑑定所は当該地域全般にかかる鑑定業務をしており経験が豊富であるため。",""
"海草振興局建設部海南工事事務所","不動産鑑定業務","海南金屋線道路改良工事に係る不動産鑑定","小川不動産鑑定事務所","単価契約","H29.8.28","報酬額が一律で競争入札になじまず、また、左記鑑定所は当該地域全般にかかる鑑定業務をしており経験が豊富であるため。",""
"西牟婁振興局建設部","不動産鑑定業務","温川田辺線小規模道路改良工事に係る不動産鑑定業務","藍畑不動産鑑定事務所","単価契約","H29.8.28","報酬額が一律で競争入札になじまず、また、左記鑑定所は当該地域全般にかかる鑑定業務をしており経験が豊富であるため。",""
"西牟婁振興局建設部","不動産鑑定業務","温川田辺線小規模道路改良工事に係る不動産鑑定業務","藍畑不動産鑑定事務所","単価契約","H29.8.28","報酬額が一律で競争入札になじまず、また、左記鑑定所は当該地域全般にかかる鑑定業務をしており経験が豊富であるため。",""
"海草振興局建設部","不動産鑑定業務","粉河加太線道路改良工事に係る不動産鑑定評価","株式会社
明和不動産鑑定所","単価契約","H29.9.1","報酬額が一律で競争入札になじまず、また、左記鑑定所は当該地域全般にかかる鑑定業務をしており経験が豊富であるため。",""
"海草振興局建設部","不動産鑑定業務","粉河加太線交通安全施設等整備工事に係る意見書","株式会社
明和不動産鑑定所","単価契約","H29.9.1","報酬額が一律で競争入札になじまず、また、左記鑑定所は当該地域全般にかかる鑑定業務をしており経験が豊富であるため。",""
"海草振興局建設部海南工事事務所","不動産鑑定業務","大崎加茂郷停車場線小規模道路改良工事に係る不動産鑑定","イーストノース株式会社","単価契約","H29.9.4","報酬額が一律で競争入札になじまず、また、左記鑑定所は当該地域全般にかかる鑑定業務をしており経験が豊富であるため。",""
"海草振興局建設部海南工事事務所","不動産鑑定業務","大崎加茂郷停車場線小規模道路改良工事に係る不動産鑑定","イーストノース株式会社","単価契約","H29.9.4","報酬額が一律で競争入札になじまず、また、左記鑑定所は当該地域全般にかかる鑑定業務をしており経験が豊富であるため。",""
"海草振興局建設部海南工事事務所","不動産鑑定業務","大崎加茂郷停車場線小規模道路改良工事に係る不動産鑑定","イーストノース株式会社","単価契約","H29.9.4","報酬額が一律で競争入札になじまず、また、左記鑑定所は当該地域全般にかかる鑑定業務をしており経験が豊富であるため。",""
"有田振興局建設部","不動産鑑定業務","有田湯浅線道路改良工事に係る不動産鑑定業務","有限会社
衣奈不動産鑑定所","単価契約","H29.9.4","報償額が一律で競争入札になじまず、また、左記鑑定所は当該地域全般にかかる鑑定業務をしており、経験が豊富であるため。",""
"有田振興局建設部","不動産鑑定業務","有田湯浅線道路改良工事に係る不動産鑑定業務","有限会社
衣奈不動産鑑定所","単価契約","H29.9.4","報償額が一律で競争入札になじまず、また、左記鑑定所は当該地域全般にかかる鑑定業務をしており、経験が豊富であるため。",""
"東牟婁振興局新宮建設部","不動産鑑定業務","佐野川河川整備工事に係る不動産鑑定業務","有限会社
衣奈不動産鑑定所","単価契約","H29.9.4","報酬額が一律で競争入札になじまず、また、左記鑑定所は当該地域全般にかかる鑑定業務をしており経験が豊富であるため。",""
"東牟婁振興局新宮建設部","不動産鑑定業務","佐野川河川整備工事に係る不動産鑑定業務","有限会社
衣奈不動産鑑定所","単価契約","H29.9.4","報酬額が一律で競争入札になじまず、また、左記鑑定所は当該地域全般にかかる鑑定業務をしており経験が豊富であるため。",""
"海草振興局建設部海南工事事務所","不動産鑑定業務","日方大野中藤白線道路改良工事に係る意見書","株式会社
阪和不動産鑑定所","単価契約","H29.9.11","報酬額が一律で競争入札になじまず、また、左記鑑定所は当該地域全般にかかる鑑定業務をしており経験が豊富であるため。",""
"海草振興局建設部","不動産鑑定業務","和歌山橋本線道路改良工事に係る意見書","株式会社
明和不動産鑑定所","単価契約","H29.9.13","報酬額が一律で競争入札になじまず、また、左記鑑定所は当該地域全般にかかる鑑定業務をしており経験が豊富であるため。",""
"西牟婁振興局建設部","不動産鑑定業務","芳養川河川整備工事に係る不動産鑑定業務","有限会社
紀州不動産鑑定事務所","単価契約","H29.9.14","報酬額が一律で競争入札になじまず、また、左記鑑定所は当該地域全般にかかる鑑定業務をしており経験が豊富であるため。",""
"西牟婁振興局建設部","不動産鑑定業務","長野上秋津線小規模道路改良工事に係る意見書","藍畑不動産鑑定事務所","単価契約","H29.9.22","報酬額が一律で競争入札になじまず、また、左記鑑定所は当該地域全般にかかる鑑定業務をしており経験が豊富であるため。",""
"西牟婁振興局建設部","不動産鑑定業務","立平地区緊急地すべり対策事業に係る不動産鑑定業務","有限会社
紀州不動産鑑定事務所","単価契約","H29.9.25","報酬額が一律で競争入札になじまず、また、左記鑑定所は当該地域全般にかかる鑑定業務をしており経験が豊富であるため。",""
"東牟婁振興局新宮建設部","不動産鑑定業務","長野川堤防改修工事に係る不動産鑑定業務","株式会社
明和不動産鑑定所","単価契約","H29.9.26","報酬額が一律で競争入札になじまず、また、左記鑑定所は当該地域全般にかかる鑑定業務をしており経験が豊富であるため。",""
"日高振興局建設部","不動産鑑定業務","市井谷川砂防事業に係る不動産鑑定業務","くろしお鑑定","単価契約","H29.9.28","報酬額が一律で競争入札になじまず、また、左記鑑定所は当該地域全般にかかる鑑定業務をしており経験が豊富であるため。",""
"日高振興局建設部","不動産鑑定業務","市井谷川砂防事業に係る不動産鑑定業務","くろしお鑑定","単価契約","H29.9.28","報酬額が一律で競争入札になじまず、また、左記鑑定所は当該地域全般にかかる鑑定業務をしており経験が豊富であるため。",""
"日高振興局建設部","不動産鑑定業務","市井谷川砂防事業に係る不動産鑑定業務","くろしお鑑定","単価契約","H29.9.28","報酬額が一律で競争入札になじまず、また、左記鑑定所は当該地域全般にかかる鑑定業務をしており経験が豊富であるため。",""
"海草振興局建設部","不動産鑑定業務","西脇山口線道路改良工事に係る不動産鑑定","イーストノース株式会社","単価契約","H29.10.2","報酬額が一律で競争入札になじまず、また、左記鑑定所は当該地域全般にかかる鑑定業務をしており経験が豊富であるため。",""
"海草振興局建設部","不動産鑑定業務","西脇山口線道路改良工事に係る意見書","イーストノース株式会社","単価契約","H29.10.2","報酬額が一律で競争入札になじまず、また、左記鑑定所は当該地域全般にかかる鑑定業務をしており経験が豊富であるため。",""
"海草振興局建設部海南工事事務所","不動産鑑定業務","大崎加茂郷停車場線小規模道路改良工事に係る意見書","イーストノース株式会社","単価契約","H29.10.2","報酬額が一律で競争入札になじまず、また、左記鑑定所は当該地域全般にかかる鑑定業務をしており経験が豊富であるため。",""
"海草振興局建設部海南工事事務所","不動産鑑定業務","大崎加茂郷停車場線小規模道路改良工事に係る意見書","イーストノース株式会社","単価契約","H29.10.2","報酬額が一律で競争入札になじまず、また、左記鑑定所は当該地域全般にかかる鑑定業務をしており経験が豊富であるため。",""
"有田振興局建設部","不動産鑑定業務","井関御坊線道路改良工事に係る意見書","有限会社
衣奈不動産鑑定所","単価契約","H29.10.2","報償額が一律で競争入札になじまず、また、左記鑑定所は当該地域全般にかかる鑑定業務をしており、経験が豊富であるため。",""
"有田振興局建設部","不動産鑑定業務","井関御坊線道路改良工事に係る不動産鑑定業務","有限会社
衣奈不動産鑑定所","単価契約","H29.10.10","報償額が一律で競争入札になじまず、また、左記鑑定所は当該地域全般にかかる鑑定業務をしており経験が豊富であるため。",""
"東牟婁振興局新宮建設部","不動産鑑定業務","那智山勝浦線交付金交通安全工事に係る意見書","株式会社
阪和不動産鑑定所","単価契約","H29.10.17","報酬額が一律で競争入札になじまず、また、左記鑑定所は当該地域全般にかかる鑑定業務をしており経験が豊富であるため。",""
"東牟婁振興局新宮建設部","不動産鑑定業務","那智山勝浦線道路維持修繕工事に係る不動産鑑定業務","有限会社衣奈不動産鑑定所","単価契約","H29.10.24","報酬額が一律で競争入札になじまず、また、左記鑑定所は当該地域全般にかかる鑑定業務をしており経験が豊富であるため。",""
"日高振興局建設部","不動産鑑定業務","志賀川堤防改修事業に係る不動産鑑定業務","有限会社
紀州不動産鑑定事務所","単価契約","H29.10.25","報酬額が一律で競争入札になじまず、また、左記鑑定所は当該地域全般にかかる鑑定業務をしており経験が豊富であるため。",""
"東牟婁振興局新宮建設部","不動産鑑定業務","熊野川河川整備工事に係る意見書","株式会社
井崎不動産鑑定事務所","単価契約","H29.10.25","報酬額が一律で競争入札になじまず、また、左記鑑定所は当該地域全般にかかる鑑定業務をしており経験が豊富であるため。",""
"日高振興局建設部","不動産鑑定業務","平野谷川砂防事業に係る不動産鑑定業務","株式会社
阪和不動産鑑定所","単価契約","H29.10.31","報酬額が一律で競争入札になじまず、また、左記鑑定所は当該地域全般にかかる鑑定業務をしており経験が豊富であるため。",""
"日高振興局建設部","不動産鑑定業務","平野谷川砂防事業に係る不動産鑑定業務","株式会社
阪和不動産鑑定所","単価契約","H29.10.31","報酬額が一律で競争入札になじまず、また、左記鑑定所は当該地域全般にかかる鑑定業務をしており経験が豊富であるため。",""
"日高振興局建設部","不動産鑑定業務","平野谷川砂防事業に係る不動産鑑定業務","株式会社
阪和不動産鑑定所","単価契約","H29.10.31","報酬額が一律で競争入札になじまず、また、左記鑑定所は当該地域全般にかかる鑑定業務をしており経験が豊富であるため。",""
"西牟婁振興局建設部","不動産鑑定業務","秋津川田辺線小規模道路改良事業に係る意見書","藍畑不動産鑑定事務所","単価契約","H29.10.31","報酬額が一律で競争入札になじまず、また、左記鑑定所は当該地域全般にかかる鑑定業務をしており経験が豊富であるため。",""
"日高振興局建設部","不動産鑑定業務","御坊由良線小規模道路改良事業に係る不動産鑑定業務","清水不動産鑑定士事務所","単価契約","H29.11.2","報酬額が一律で競争入札になじまず、また、左記鑑定所は当該地域全般にかかる鑑定業務をしており経験が豊富であるため。",""
"那賀振興局建設部","不動産鑑定業務","住吉川河川整備工事に係る不動産鑑定業務","株式会社
阪和不動産鑑定所","単価契約","H29.11.13","報酬額が一律で競争入札になじまず、また、左記鑑定所は当該地域全般にかかる鑑定業務をしており経験が豊富であるため。",""
"海草振興局建設部","不動産鑑定業務","西脇山口線道路改良工事に係る意見書","株式会社
井崎不動産鑑定事務所","単価契約","H29.11.14","報酬額が一律で競争入札になじまず、また、左記鑑定所は当該地域全般にかかる鑑定業務をしており経験が豊富であるため。",""
"海草振興局建設部海南工事事務所","不動産鑑定業務","国道３７０号道路改良工事（阪井バイパス）に係る不動産鑑定","株式会社井崎不動産鑑定事務所","単価契約","H29.12.1","報酬額が一律で競争入札になじまず、また、左記鑑定所は当該地域全般にかかる鑑定業務をしており経験が豊富であるため。",""
"海草振興局建設部海南工事事務所","不動産鑑定業務","県道興加茂郷停車場線交通安全施設等整備工事に係る不動産鑑定","株式会社井崎不動産鑑定事務所","単価契約","H29.12.1","報酬額が一律で競争入札になじまず、また、左記鑑定所は当該地域全般にかかる鑑定業務をしており経験が豊富であるため。",""
"海草振興局建設部","不動産鑑定業務","南港山東線道路改良工事に係る意見書","株式会社
明和不動産鑑定所","単価契約","H29.12.4","報酬額が一律で競争入札になじまず、また、左記鑑定所は当該地域全般にかかる鑑定業務をしており経験が豊富であるため。",""
"海草振興局建設部","不動産鑑定業務","南港山東線道路改良工事に係る意見書","株式会社
明和不動産鑑定所","単価契約","H29.12.4","報酬額が一律で競争入札になじまず、また、左記鑑定所は当該地域全般にかかる鑑定業務をしており経験が豊富であるため。",""
"海草振興局建設部海南工事事務所","不動産鑑定業務","県道海南吉備線小規模道路改良工事に係る不動産鑑定","小林一三不動産鑑定事務所","単価契約","H29.12.5","報酬額が一律で競争入札になじまず、また、左記鑑定所は当該地域全般にかかる鑑定業務をしており経験が豊富であるため。",""
"日高振興局建設部","不動産鑑定業務","岩垣内谷川砂防事業に係る不動産鑑定業務","株式会社
井崎不動産鑑定事務所","単価契約","H29.12.8","報酬額が一律で競争入札になじまず、また、左記鑑定所は当該地域全般にかかる鑑定業務をしており経験が豊富であるため。",""
"日高振興局建設部","不動産鑑定業務","岩垣内谷川砂防事業に係る不動産鑑定業務","株式会社
井崎不動産鑑定事務所","単価契約","H29.12.8","報酬額が一律で競争入札になじまず、また、左記鑑定所は当該地域全般にかかる鑑定業務をしており経験が豊富であるため。",""
"海草振興局建設部海南工事事務所","不動産鑑定業務","県道海南金屋線道路改良工事に係る不動産鑑定","小川不動産鑑定事務所","単価契約","H29.12.18","報酬額が一律で競争入札になじまず、また、左記鑑定所は当該地域全般にかかる鑑定業務をしており経験が豊富であるため。",""
"那賀振興局建設部","不動産鑑定業務","春日川堤防改修工事に係る不動産鑑定業務","南海鑑定センター
株式会社","単価契約","H29.12.18","報酬額が一律で競争入札になじまず、また、左記鑑定所は当該地域全般にかかる鑑定業務をしており経験が豊富であるため。",""
"日高振興局建設部","不動産鑑定業務","日高印南線小規模道路改良事業に係る不動産鑑定業務","南海鑑定センター株式会社","単価契約","H29.12.18","報酬額が一律で競争入札になじまず、また、左記鑑定所は当該地域全般にかかる鑑定業務をしており経験が豊富であるため。",""
"海草振興局建設部海南工事事務所","不動産鑑定業務","佐野川河川整備工事に係る不動産鑑定業務","有限会社
紀州不動産鑑定事務所","単価契約","H30.1.10","報酬額が一律で競争入札になじまず、また、左記鑑定所は当該地域全般にかかる鑑定業務をしており経験が豊富であるため。",""
"日高振興局建設部","不動産鑑定業務","国道４２４号交付金交通安全事業に係る不動産鑑定業務","株式会社
阪和不動産鑑定所","単価契約","H30.1.4","報酬額が一律で競争入札になじまず、また、左記鑑定所は当該地域全般にかかる鑑定業務をしており経験が豊富であるため。",""
"日高振興局建設部","不動産鑑定業務","国道４２４号交付金交通安全事業に係る不動産鑑定業務","株式会社
阪和不動産鑑定所","単価契約","H30.1.4","報酬額が一律で競争入札になじまず、また、左記鑑定所は当該地域全般にかかる鑑定業務をしており経験が豊富であるため。",""
"日高振興局建設部","不動産鑑定業務","三又谷川砂防事業に係る不動産鑑定業務","株式会社
明和不動産鑑定所","単価契約","H30.1.9","報酬額が一律で競争入札になじまず、また、左記鑑定所は当該地域全般にかかる鑑定業務をしており経験が豊富であるため。",""
"日高振興局建設部","不動産鑑定業務","三又谷川砂防事業に係る不動産鑑定業務","株式会社
明和不動産鑑定所","単価契約","H30.1.9","報酬額が一律で競争入札になじまず、また、左記鑑定所は当該地域全般にかかる鑑定業務をしており経験が豊富であるため。",""
"海草振興局建設部海南工事事務所","不動産鑑定業務","国道３７０号道路改良工事（美里４ＢＰ）に係る不動産鑑定","清水不動産鑑定士事務所","単価契約","H30.1.15","報酬額が一律で競争入札になじまず、また、左記鑑定所は当該地域全般にかかる鑑定業務をしており経験が豊富であるため。",""
"東牟婁振興局新宮建設部","不動産鑑定業務","長谷川河川災害復旧工事に係る不動産鑑定業務","株式会社
川端不動産研究所","単価契約","H30.1.16","報酬額が一律で競争入札になじまず、また、左記鑑定所は当該地域全般にかかる鑑定業務をしており経験が豊富であるため。",""
"日高振興局建設部","不動産鑑定業務","柏御坊線道路改良事業に係る不動産鑑定業務","有限会社紀州不動産鑑定事務所","単価契約","H30.2.6","報酬額が一律で競争入札になじまず、また、左記鑑定所は当該地域全般にかかる鑑定業務をしており経験が豊富であるため。",""
"日高振興局建設部","不動産鑑定業務","柏御坊線道路改良事業に係る不動産鑑定業務","有限会社紀州不動産鑑定事務所","単価契約","H30.2.6","報酬額が一律で競争入札になじまず、また、左記鑑定所は当該地域全般にかかる鑑定業務をしており経験が豊富であるため。",""
"海草振興局建設部","不動産鑑定業務","七瀬川堤防改修に係る意見書","株式会社
井崎不動産鑑定事務所","単価契約","H30.2.13","報酬額が一律で競争入札になじまず、また、左記鑑定所は当該地域全般にかかる鑑定業務をしており経験が豊富であるため。",""
"海草振興局建設部","不動産鑑定業務","三田海南線道路改良に係る不動産鑑定","清水不動産鑑定事務所","単価契約","H30.2.13","報酬額が一律で競争入札になじまず、また、左記鑑定所は当該地域全般にかかる鑑定業務をしており経験が豊富であるため。",""
"海草振興局建設部海南工事事務所","不動産鑑定業務","国道３７０号道路改良工事(美里４バイパス)に係る不動産鑑定","清水不動産鑑定士事務所","単価契約","H30.2.16","報酬額が一律で競争入札になじまず、また、左記鑑定所は当該地域全般にかかる鑑定業務をしており経験が豊富であるため。",""
"海草振興局建設部海南工事事務所","不動産鑑定業務","国道３７０号道路改良工事(美里４バイパス)に係る不動産鑑定","清水不動産鑑定士事務所","単価契約","H30.2.16","報酬額が一律で競争入札になじまず、また、左記鑑定所は当該地域全般にかかる鑑定業務をしており経験が豊富であるため。",""
"海草振興局建設部海南工事事務所","不動産鑑定業務","国道３７０号道路改良工事(美里４バイパス)に係る不動産鑑定","清水不動産鑑定士事務所","単価契約","H30.2.16","報酬額が一律で競争入札になじまず、また、左記鑑定所は当該地域全般にかかる鑑定業務をしており経験が豊富であるため。",""
"海草振興局建設部海南工事事務所","不動産鑑定業務","国道370号道路改良工事(美里２バイパス)に係る不動産鑑定","株式会社
阪和不動産鑑定所","単価契約","H30.2.19","報酬額が一律で競争入札になじまず、また、左記鑑定所は当該地域全般にかかる鑑定業務をしており経験が豊富であるため。",""
"海草振興局建設部海南工事事務所","不動産鑑定業務","国道370号道路改良工事(美里２バイパス)に係る不動産鑑定","株式会社
阪和不動産鑑定所","単価契約","H30.2.19","報酬額が一律で競争入札になじまず、また、左記鑑定所は当該地域全般にかかる鑑定業務をしており経験が豊富であるため。",""
"海草振興局建設部海南工事事務所","不動産鑑定業務","奥佐々地区災害関連緊急地滑り対策事業に係る不動産鑑定　","イーストノース株式会社","単価契約","H30.2.20","報酬額が一律で競争入札になじまず、また、左記鑑定所は当該地域全般にかかる鑑定業務をしており経験が豊富であるため。",""
"海草振興局建設部海南工事事務所","不動産鑑定業務","梅本川災害関連緊急砂防事業に係る不動産鑑定　","イーストノース株式会社","単価契約","H30.2.20","報酬額が一律で競争入札になじまず、また、左記鑑定所は当該地域全般にかかる鑑定業務をしており経験が豊富であるため。",""
"日高振興局建設部","不動産鑑定業務","井関御坊線道路改良事業に係る意見書","小林一三不動産鑑定事務所","単価契約","H30.2.21","報酬額が一律で競争入札になじまず、また、左記鑑定所は当該地域全般にかかる鑑定業務をしており経験が豊富であるため。",""
"有田振興局建設部","不動産鑑定業務","海南金屋線道路改良工事に係る意見書","藍畑不動産鑑定事務所","単価契約","H30.2.27","報償額が一律で競争入札になじまず、また、左記鑑定事務所は当該地域全般にかかる鑑定業務をしており経験が豊富であるため。",""
"海草振興局建設部海南工事事務所","不動産鑑定業務","国道３７０号道路改良工事（美里２バイパス）に係る不動産鑑定","有限会社
アトラス鑑定","単価契約","H30.2.28","報酬額が一律で競争入札になじまず、また、左記鑑定所は当該地域全般にかかる鑑定業務をしており経験が豊富であるため。",""
"海草振興局建設部海南工事事務所","不動産鑑定業務","国道３７０号道路改良工事（美里２バイパス）に係る不動産鑑定","有限会社
アトラス鑑定","単価契約","H30.2.28","報酬額が一律で競争入札になじまず、また、左記鑑定所は当該地域全般にかかる鑑定業務をしており経験が豊富であるため。",""
"有田振興局建設部","不動産鑑定業務","国道４８０号道路改良工事に係る意見書","株式会社
明和不動産鑑定所","単価契約","H30.2.28","報償額が一律で競争入札になじまず、また、左記鑑定所は当該地域全般にかかる鑑定業務をしており経験が豊富であるため。",""
"有田振興局建設部","不動産鑑定業務","有田湯浅線道路改良工事に係る意見書","有限会社
衣奈不動産鑑定所","単価契約","H30.2.28","報償額が一律で競争入札になじまず、また、左記鑑定所は当該地域全般にかかる鑑定業務をしており経験が豊富であるため。",""
"有田振興局建設部","不動産鑑定業務","有田湯浅線道路改良工事に係る意見書","有限会社
衣奈不動産鑑定所","単価契約","H30.2.28","報償額が一律で競争入札になじまず、また、左記鑑定所は当該地域全般にかかる鑑定業務をしており経験が豊富であるため。",""
"有田振興局建設部","不動産鑑定業務","生石公園線道路改良工事に係る意見書","有限会社
衣奈不動産鑑定所","単価契約","H30.2.28","報償額が一律で競争入札になじまず、また、左記鑑定所は当該地域全般にかかる鑑定業務をしており経験が豊富であるため。",""
"有田振興局建設部","不動産鑑定業務","熊井川高速道路関連河川改修工事に係る意見書","清水不動産鑑定士事務所","単価契約","H30.3.1","報償額が一律で競争入札になじまず、また、左記鑑定士事務所は当該地域全般にかかる鑑定業務をしており経験が豊富であるため。",""
"有田振興局建設部","不動産鑑定業務","熊井川高速道路関連河川改修工事に係る意見書","清水不動産鑑定士事務所","単価契約","H30.3.1","報償額が一律で競争入札になじまず、また、左記鑑定士事務所は当該地域全般にかかる鑑定業務をしており経験が豊富であるため。",""
"日高振興局建設部","不動産鑑定業務","御坊中津線道路改良事業に係る不動産鑑定業務","株式会社
井崎不動産鑑定事務所","単価契約","H30.3.1","報酬額が一律で競争入札になじまず、また、左記鑑定所は当該地域全般にかかる鑑定業務をしており経験が豊富であるため。",""
"西牟婁振興局建設部","不動産鑑定業務","田辺龍神線道路維持修繕工事に係る意見書","藍畑不動産鑑定事務所","単価契約","H30.3.7","報酬額が一律で競争入札になじまず、また、左記鑑定所は当該地域全般にかかる鑑定業務をしており経験が豊富であるため。",""
"日高振興局建設部","不動産鑑定業務","井戸ノ谷川砂防事業に係る不動産鑑定業務","イーストノース株式会社","単価契約","H30.3.9","報酬額が一律で競争入札になじまず、また、左記鑑定所は当該地域全般にかかる鑑定業務をしており経験が豊富であるため。",""
"日高振興局建設部","不動産鑑定業務","井戸ノ谷川砂防事業に係る不動産鑑定業務","イーストノース株式会社","単価契約","H30.3.9","報酬額が一律で競争入札になじまず、また、左記鑑定所は当該地域全般にかかる鑑定業務をしており経験が豊富であるため。",""
"海草振興局建設部","不動産鑑定業務","和歌山橋本線交通安全工事に係る不動産鑑定","清水不動産鑑定事務所","単価契約","H30.3.12","報酬額が一律で競争入札になじまず、また、左記鑑定所は当該地域全般にかかる鑑定業務をしており経験が豊富であるため。",""
"海草振興局建設部","不動産鑑定業務","和歌山橋本線交通安全工事に係る不動産鑑定","清水不動産鑑定事務所","単価契約","H30.3.12","報酬額が一律で競争入札になじまず、また、左記鑑定所は当該地域全般にかかる鑑定業務をしており経験が豊富であるため。",""
"海草振興局建設部","不動産鑑定業務","和歌山橋本線交通安全工事私道部分に係る意見書","清水不動産鑑定事務所","単価契約","H30.3.12","報酬額が一律で競争入札になじまず、また、左記鑑定所は当該地域全般にかかる鑑定業務をしており経験が豊富であるため。",""
"海草振興局建設部","不動産鑑定業務","和歌山橋本線交通安全工事に係る意見書","清水不動産鑑定事務所","単価契約","H30.3.12","報酬額が一律で競争入札になじまず、また、左記鑑定所は当該地域全般にかかる鑑定業務をしており経験が豊富であるため。",""
"海草振興局建設部","不動産鑑定業務","秋月海南線道路改良工事に係る不動産鑑定","明和不動産鑑定所","単価契約","H30.3.20","報酬額が一律で競争入札になじまず、また、左記鑑定所は当該地域全般にかかる鑑定業務をしており経験が豊富であるため。",""
"那賀振興局建設部","不動産鑑定業務","泉佐野打田線道路改良工事に係る
意見書","有限会社
アトラス鑑定","単価契約","H30.3.22","報酬額が一律で競争入札になじまず、また、左記鑑定所は当該地域全般にかかる鑑定業務をしており経験が豊富であるため。",""
"那賀振興局建設部","不動産鑑定業務","泉佐野打田線道路改良工事に係る不動産鑑定業務","有限会社
アトラス鑑定","単価契約","H30.3.22","報酬額が一律で競争入札になじまず、また、左記鑑定所は当該地域全般にかかる鑑定業務をしており経験が豊富であるため。",""
